index,block,email,password,http_status,returned_id
1,MAIN,lt1@eshop.com,Loadtest123!,200,3
2,MAIN,lt2@eshop.com,Loadtest123!,200,4
3,MAIN,lt3@eshop.com,Loadtest123!,200,5
4,MAIN,lt4@eshop.com,Loadtest123!,200,6
5,MAIN,lt5@eshop.com,Loadtest123!,200,7
6,MAIN,lt6@eshop.com,Loadtest123!,200,8
7,MAIN,lt7@eshop.com,Loadtest123!,200,9
8,MAIN,lt8@eshop.com,Loadtest123!,200,10
9,MAIN,lt9@eshop.com,Loadtest123!,200,11
10,MAIN,lt10@eshop.com,Loadtest123!,200,12
11,MAIN,lt11@eshop.com,Loadtest123!,200,13
12,MAIN,lt12@eshop.com,Loadtest123!,200,14
13,MAIN,lt13@eshop.com,Loadtest123!,200,15
14,MAIN,lt14@eshop.com,Loadtest123!,200,16
15,MAIN,lt15@eshop.com,Loadtest123!,200,17
16,MAIN,lt16@eshop.com,Loadtest123!,200,18
17,MAIN,lt17@eshop.com,Loadtest123!,200,19
18,MAIN,lt18@eshop.com,Loadtest123!,200,20
19,MAIN,lt19@eshop.com,Loadtest123!,200,21
20,MAIN,lt20@eshop.com,Loadtest123!,200,22
21,MAIN,lt21@eshop.com,Loadtest123!,200,23
22,MAIN,lt22@eshop.com,Loadtest123!,200,24
23,MAIN,lt23@eshop.com,Loadtest123!,200,25
24,MAIN,lt24@eshop.com,Loadtest123!,200,26
25,MAIN,lt25@eshop.com,Loadtest123!,200,27
26,MAIN,lt26@eshop.com,Loadtest123!,200,28
27,MAIN,lt27@eshop.com,Loadtest123!,200,29
28,MAIN,lt28@eshop.com,Loadtest123!,200,30
29,MAIN,lt29@eshop.com,Loadtest123!,200,31
30,MAIN,lt30@eshop.com,Loadtest123!,200,32
31,MAIN,lt31@eshop.com,Loadtest123!,200,33
32,MAIN,lt32@eshop.com,Loadtest123!,200,34
33,MAIN,lt33@eshop.com,Loadtest123!,200,35
34,MAIN,lt34@eshop.com,Loadtest123!,200,36
35,MAIN,lt35@eshop.com,Loadtest123!,200,37
36,MAIN,lt36@eshop.com,Loadtest123!,200,38
37,MAIN,lt37@eshop.com,Loadtest123!,200,39
38,MAIN,lt38@eshop.com,Loadtest123!,200,40
39,MAIN,lt39@eshop.com,Loadtest123!,200,41
40,MAIN,lt40@eshop.com,Loadtest123!,200,42
41,MAIN,lt41@eshop.com,Loadtest123!,200,43
42,MAIN,lt42@eshop.com,Loadtest123!,200,44
43,MAIN,lt43@eshop.com,Loadtest123!,200,45
44,MAIN,lt44@eshop.com,Loadtest123!,200,46
45,MAIN,lt45@eshop.com,Loadtest123!,200,47
46,MAIN,lt46@eshop.com,Loadtest123!,200,48
47,MAIN,lt47@eshop.com,Loadtest123!,200,49
48,MAIN,lt48@eshop.com,Loadtest123!,200,50
49,MAIN,lt49@eshop.com,Loadtest123!,200,51
50,MAIN,lt50@eshop.com,Loadtest123!,200,52
51,MAIN,lt51@eshop.com,Loadtest123!,200,53
52,MAIN,lt52@eshop.com,Loadtest123!,200,54
53,MAIN,lt53@eshop.com,Loadtest123!,200,55
54,MAIN,lt54@eshop.com,Loadtest123!,200,56
55,MAIN,lt55@eshop.com,Loadtest123!,200,57
56,MAIN,lt56@eshop.com,Loadtest123!,200,58
57,MAIN,lt57@eshop.com,Loadtest123!,200,59
58,MAIN,lt58@eshop.com,Loadtest123!,200,60
59,MAIN,lt59@eshop.com,Loadtest123!,200,61
60,MAIN,lt60@eshop.com,Loadtest123!,200,62
61,MAIN,lt61@eshop.com,Loadtest123!,200,63
62,MAIN,lt62@eshop.com,Loadtest123!,200,64
63,MAIN,lt63@eshop.com,Loadtest123!,200,65
64,MAIN,lt64@eshop.com,Loadtest123!,200,66
65,MAIN,lt65@eshop.com,Loadtest123!,200,67
66,MAIN,lt66@eshop.com,Loadtest123!,200,68
67,MAIN,lt67@eshop.com,Loadtest123!,200,69
68,MAIN,lt68@eshop.com,Loadtest123!,200,70
69,MAIN,lt69@eshop.com,Loadtest123!,200,71
70,MAIN,lt70@eshop.com,Loadtest123!,200,72
71,MAIN,lt71@eshop.com,Loadtest123!,200,73
72,MAIN,lt72@eshop.com,Loadtest123!,200,74
73,MAIN,lt73@eshop.com,Loadtest123!,200,75
74,MAIN,lt74@eshop.com,Loadtest123!,200,76
75,MAIN,lt75@eshop.com,Loadtest123!,200,77
76,MAIN,lt76@eshop.com,Loadtest123!,200,78
77,MAIN,lt77@eshop.com,Loadtest123!,200,79
78,MAIN,lt78@eshop.com,Loadtest123!,200,80
79,MAIN,lt79@eshop.com,Loadtest123!,200,81
80,MAIN,lt80@eshop.com,Loadtest123!,200,82
81,MAIN,lt81@eshop.com,Loadtest123!,200,83
82,MAIN,lt82@eshop.com,Loadtest123!,200,84
83,MAIN,lt83@eshop.com,Loadtest123!,200,85
84,MAIN,lt84@eshop.com,Loadtest123!,200,86
85,MAIN,lt85@eshop.com,Loadtest123!,200,87
86,MAIN,lt86@eshop.com,Loadtest123!,200,88
87,MAIN,lt87@eshop.com,Loadtest123!,200,89
88,MAIN,lt88@eshop.com,Loadtest123!,200,90
89,MAIN,lt89@eshop.com,Loadtest123!,200,91
90,MAIN,lt90@eshop.com,Loadtest123!,200,92
91,MAIN,lt91@eshop.com,Loadtest123!,200,93
92,MAIN,lt92@eshop.com,Loadtest123!,200,94
93,MAIN,lt93@eshop.com,Loadtest123!,200,95
94,MAIN,lt94@eshop.com,Loadtest123!,200,96
95,MAIN,lt95@eshop.com,Loadtest123!,200,97
96,MAIN,lt96@eshop.com,Loadtest123!,200,98
97,MAIN,lt97@eshop.com,Loadtest123!,200,99
98,MAIN,lt98@eshop.com,Loadtest123!,200,100
99,MAIN,lt99@eshop.com,Loadtest123!,200,101
100,MAIN,lt100@eshop.com,Loadtest123!,200,102
101,MAIN,lt101@eshop.com,Loadtest123!,200,103
102,MAIN,lt102@eshop.com,Loadtest123!,200,104
103,MAIN,lt103@eshop.com,Loadtest123!,200,105
104,MAIN,lt104@eshop.com,Loadtest123!,200,106
105,MAIN,lt105@eshop.com,Loadtest123!,200,107
106,MAIN,lt106@eshop.com,Loadtest123!,200,108
107,MAIN,lt107@eshop.com,Loadtest123!,200,109
108,MAIN,lt108@eshop.com,Loadtest123!,200,110
109,MAIN,lt109@eshop.com,Loadtest123!,200,111
110,MAIN,lt110@eshop.com,Loadtest123!,200,112
111,MAIN,lt111@eshop.com,Loadtest123!,200,113
112,MAIN,lt112@eshop.com,Loadtest123!,200,114
113,MAIN,lt113@eshop.com,Loadtest123!,200,115
114,MAIN,lt114@eshop.com,Loadtest123!,200,116
115,MAIN,lt115@eshop.com,Loadtest123!,200,117
116,MAIN,lt116@eshop.com,Loadtest123!,200,118
117,MAIN,lt117@eshop.com,Loadtest123!,200,119
118,MAIN,lt118@eshop.com,Loadtest123!,200,120
119,MAIN,lt119@eshop.com,Loadtest123!,200,121
120,MAIN,lt120@eshop.com,Loadtest123!,200,122
121,MAIN,lt121@eshop.com,Loadtest123!,200,123
122,MAIN,lt122@eshop.com,Loadtest123!,200,124
123,MAIN,lt123@eshop.com,Loadtest123!,200,125
124,MAIN,lt124@eshop.com,Loadtest123!,200,126
125,MAIN,lt125@eshop.com,Loadtest123!,200,127
126,MAIN,lt126@eshop.com,Loadtest123!,200,128
127,MAIN,lt127@eshop.com,Loadtest123!,200,129
128,MAIN,lt128@eshop.com,Loadtest123!,200,130
129,MAIN,lt129@eshop.com,Loadtest123!,200,131
130,MAIN,lt130@eshop.com,Loadtest123!,200,132
131,MAIN,lt131@eshop.com,Loadtest123!,200,133
132,MAIN,lt132@eshop.com,Loadtest123!,200,134
133,MAIN,lt133@eshop.com,Loadtest123!,200,135
134,MAIN,lt134@eshop.com,Loadtest123!,200,136
135,MAIN,lt135@eshop.com,Loadtest123!,200,137
136,MAIN,lt136@eshop.com,Loadtest123!,200,138
137,MAIN,lt137@eshop.com,Loadtest123!,200,139
138,MAIN,lt138@eshop.com,Loadtest123!,200,140
139,MAIN,lt139@eshop.com,Loadtest123!,200,141
140,MAIN,lt140@eshop.com,Loadtest123!,200,142
141,MAIN,lt141@eshop.com,Loadtest123!,200,143
142,MAIN,lt142@eshop.com,Loadtest123!,200,144
143,MAIN,lt143@eshop.com,Loadtest123!,200,145
144,MAIN,lt144@eshop.com,Loadtest123!,200,146
145,MAIN,lt145@eshop.com,Loadtest123!,200,147
146,MAIN,lt146@eshop.com,Loadtest123!,200,148
147,MAIN,lt147@eshop.com,Loadtest123!,200,149
148,MAIN,lt148@eshop.com,Loadtest123!,200,150
149,MAIN,lt149@eshop.com,Loadtest123!,200,151
150,MAIN,lt150@eshop.com,Loadtest123!,200,152
151,MAIN,lt151@eshop.com,Loadtest123!,200,153
152,MAIN,lt152@eshop.com,Loadtest123!,200,154
153,MAIN,lt153@eshop.com,Loadtest123!,200,155
154,MAIN,lt154@eshop.com,Loadtest123!,200,156
155,MAIN,lt155@eshop.com,Loadtest123!,200,157
156,MAIN,lt156@eshop.com,Loadtest123!,200,158
157,MAIN,lt157@eshop.com,Loadtest123!,200,159
158,MAIN,lt158@eshop.com,Loadtest123!,200,160
159,MAIN,lt159@eshop.com,Loadtest123!,200,161
160,MAIN,lt160@eshop.com,Loadtest123!,200,162
161,MAIN,lt161@eshop.com,Loadtest123!,200,163
162,MAIN,lt162@eshop.com,Loadtest123!,200,164
163,MAIN,lt163@eshop.com,Loadtest123!,200,165
164,MAIN,lt164@eshop.com,Loadtest123!,200,166
165,MAIN,lt165@eshop.com,Loadtest123!,200,167
166,MAIN,lt166@eshop.com,Loadtest123!,200,168
167,MAIN,lt167@eshop.com,Loadtest123!,200,169
168,MAIN,lt168@eshop.com,Loadtest123!,200,170
169,MAIN,lt169@eshop.com,Loadtest123!,200,171
170,MAIN,lt170@eshop.com,Loadtest123!,200,172
171,MAIN,lt171@eshop.com,Loadtest123!,200,173
172,MAIN,lt172@eshop.com,Loadtest123!,200,174
173,MAIN,lt173@eshop.com,Loadtest123!,200,175
174,MAIN,lt174@eshop.com,Loadtest123!,200,176
175,MAIN,lt175@eshop.com,Loadtest123!,200,177
176,MAIN,lt176@eshop.com,Loadtest123!,200,178
177,MAIN,lt177@eshop.com,Loadtest123!,200,179
178,MAIN,lt178@eshop.com,Loadtest123!,200,180
179,MAIN,lt179@eshop.com,Loadtest123!,200,181
180,MAIN,lt180@eshop.com,Loadtest123!,200,182
181,MAIN,lt181@eshop.com,Loadtest123!,200,183
182,MAIN,lt182@eshop.com,Loadtest123!,200,184
183,MAIN,lt183@eshop.com,Loadtest123!,200,185
184,MAIN,lt184@eshop.com,Loadtest123!,200,186
185,MAIN,lt185@eshop.com,Loadtest123!,200,187
186,MAIN,lt186@eshop.com,Loadtest123!,200,188
187,MAIN,lt187@eshop.com,Loadtest123!,200,189
188,MAIN,lt188@eshop.com,Loadtest123!,200,190
189,MAIN,lt189@eshop.com,Loadtest123!,200,191
190,MAIN,lt190@eshop.com,Loadtest123!,200,192
191,MAIN,lt191@eshop.com,Loadtest123!,200,193
192,MAIN,lt192@eshop.com,Loadtest123!,200,194
193,MAIN,lt193@eshop.com,Loadtest123!,200,195
194,MAIN,lt194@eshop.com,Loadtest123!,200,196
195,MAIN,lt195@eshop.com,Loadtest123!,200,197
196,MAIN,lt196@eshop.com,Loadtest123!,200,198
197,MAIN,lt197@eshop.com,Loadtest123!,200,199
198,MAIN,lt198@eshop.com,Loadtest123!,200,200
199,MAIN,lt199@eshop.com,Loadtest123!,200,201
200,MAIN,lt200@eshop.com,Loadtest123!,200,202
201,MAIN,lt201@eshop.com,Loadtest123!,200,203
202,MAIN,lt202@eshop.com,Loadtest123!,200,204
203,MAIN,lt203@eshop.com,Loadtest123!,200,205
204,MAIN,lt204@eshop.com,Loadtest123!,200,206
205,MAIN,lt205@eshop.com,Loadtest123!,200,207
206,MAIN,lt206@eshop.com,Loadtest123!,200,208
207,MAIN,lt207@eshop.com,Loadtest123!,200,209
208,MAIN,lt208@eshop.com,Loadtest123!,200,210
209,MAIN,lt209@eshop.com,Loadtest123!,200,211
210,MAIN,lt210@eshop.com,Loadtest123!,200,212
211,MAIN,lt211@eshop.com,Loadtest123!,200,213
212,MAIN,lt212@eshop.com,Loadtest123!,200,214
213,MAIN,lt213@eshop.com,Loadtest123!,200,215
214,MAIN,lt214@eshop.com,Loadtest123!,200,216
215,MAIN,lt215@eshop.com,Loadtest123!,200,217
216,MAIN,lt216@eshop.com,Loadtest123!,200,218
217,MAIN,lt217@eshop.com,Loadtest123!,200,219
218,MAIN,lt218@eshop.com,Loadtest123!,200,220
219,MAIN,lt219@eshop.com,Loadtest123!,200,221
220,MAIN,lt220@eshop.com,Loadtest123!,200,222
1001,AUTH,lt1001@eshop.com,Loadtest123!,200,223
1002,AUTH,lt1002@eshop.com,Loadtest123!,200,224
1003,AUTH,lt1003@eshop.com,Loadtest123!,200,225
1004,AUTH,lt1004@eshop.com,Loadtest123!,200,226
1005,AUTH,lt1005@eshop.com,Loadtest123!,200,227
1006,AUTH,lt1006@eshop.com,Loadtest123!,200,228
1007,AUTH,lt1007@eshop.com,Loadtest123!,200,229
1008,AUTH,lt1008@eshop.com,Loadtest123!,200,230
1009,AUTH,lt1009@eshop.com,Loadtest123!,200,231
1010,AUTH,lt1010@eshop.com,Loadtest123!,200,232
1011,AUTH,lt1011@eshop.com,Loadtest123!,200,233
1012,AUTH,lt1012@eshop.com,Loadtest123!,200,234
1013,AUTH,lt1013@eshop.com,Loadtest123!,200,235
1014,AUTH,lt1014@eshop.com,Loadtest123!,200,236
1015,AUTH,lt1015@eshop.com,Loadtest123!,200,237
1016,AUTH,lt1016@eshop.com,Loadtest123!,200,238
1017,AUTH,lt1017@eshop.com,Loadtest123!,200,239
1018,AUTH,lt1018@eshop.com,Loadtest123!,200,240
1019,AUTH,lt1019@eshop.com,Loadtest123!,200,241
1020,AUTH,lt1020@eshop.com,Loadtest123!,200,242
1021,AUTH,lt1021@eshop.com,Loadtest123!,200,243
1022,AUTH,lt1022@eshop.com,Loadtest123!,200,244
1023,AUTH,lt1023@eshop.com,Loadtest123!,200,245
1024,AUTH,lt1024@eshop.com,Loadtest123!,200,246
1025,AUTH,lt1025@eshop.com,Loadtest123!,200,247
1026,AUTH,lt1026@eshop.com,Loadtest123!,200,248
1027,AUTH,lt1027@eshop.com,Loadtest123!,200,249
1028,AUTH,lt1028@eshop.com,Loadtest123!,200,250
1029,AUTH,lt1029@eshop.com,Loadtest123!,200,251
1030,AUTH,lt1030@eshop.com,Loadtest123!,200,252
1031,AUTH,lt1031@eshop.com,Loadtest123!,200,253
1032,AUTH,lt1032@eshop.com,Loadtest123!,200,254
1033,AUTH,lt1033@eshop.com,Loadtest123!,200,255
1034,AUTH,lt1034@eshop.com,Loadtest123!,200,256
1035,AUTH,lt1035@eshop.com,Loadtest123!,200,257
1036,AUTH,lt1036@eshop.com,Loadtest123!,200,258
1037,AUTH,lt1037@eshop.com,Loadtest123!,200,259
1038,AUTH,lt1038@eshop.com,Loadtest123!,200,260
1039,AUTH,lt1039@eshop.com,Loadtest123!,200,261
1040,AUTH,lt1040@eshop.com,Loadtest123!,200,262
1041,AUTH,lt1041@eshop.com,Loadtest123!,200,263
1042,AUTH,lt1042@eshop.com,Loadtest123!,200,264
1043,AUTH,lt1043@eshop.com,Loadtest123!,200,265
1044,AUTH,lt1044@eshop.com,Loadtest123!,200,266
1045,AUTH,lt1045@eshop.com,Loadtest123!,200,267
1046,AUTH,lt1046@eshop.com,Loadtest123!,200,268
1047,AUTH,lt1047@eshop.com,Loadtest123!,200,269
1048,AUTH,lt1048@eshop.com,Loadtest123!,200,270
1049,AUTH,lt1049@eshop.com,Loadtest123!,200,271
1050,AUTH,lt1050@eshop.com,Loadtest123!,200,272
1051,AUTH,lt1051@eshop.com,Loadtest123!,200,273
1052,AUTH,lt1052@eshop.com,Loadtest123!,200,274
1053,AUTH,lt1053@eshop.com,Loadtest123!,200,275
1054,AUTH,lt1054@eshop.com,Loadtest123!,200,276
1055,AUTH,lt1055@eshop.com,Loadtest123!,200,277
1056,AUTH,lt1056@eshop.com,Loadtest123!,200,278
1057,AUTH,lt1057@eshop.com,Loadtest123!,200,279
1058,AUTH,lt1058@eshop.com,Loadtest123!,200,280
1059,AUTH,lt1059@eshop.com,Loadtest123!,200,281
1060,AUTH,lt1060@eshop.com,Loadtest123!,200,282
1061,AUTH,lt1061@eshop.com,Loadtest123!,200,283
1062,AUTH,lt1062@eshop.com,Loadtest123!,200,284
1063,AUTH,lt1063@eshop.com,Loadtest123!,200,285
1064,AUTH,lt1064@eshop.com,Loadtest123!,200,286
1065,AUTH,lt1065@eshop.com,Loadtest123!,200,287
1066,AUTH,lt1066@eshop.com,Loadtest123!,200,288
1067,AUTH,lt1067@eshop.com,Loadtest123!,200,289
1068,AUTH,lt1068@eshop.com,Loadtest123!,200,290
1069,AUTH,lt1069@eshop.com,Loadtest123!,200,291
1070,AUTH,lt1070@eshop.com,Loadtest123!,200,292
1071,AUTH,lt1071@eshop.com,Loadtest123!,200,293
1072,AUTH,lt1072@eshop.com,Loadtest123!,200,294
1073,AUTH,lt1073@eshop.com,Loadtest123!,200,295
1074,AUTH,lt1074@eshop.com,Loadtest123!,200,296
1075,AUTH,lt1075@eshop.com,Loadtest123!,200,297
1076,AUTH,lt1076@eshop.com,Loadtest123!,200,298
1077,AUTH,lt1077@eshop.com,Loadtest123!,200,299
1078,AUTH,lt1078@eshop.com,Loadtest123!,200,300
1079,AUTH,lt1079@eshop.com,Loadtest123!,200,301
1080,AUTH,lt1080@eshop.com,Loadtest123!,200,302
